<?xml version="1.0" encoding="UTF-8"?>
<project-private xmlns="http://www.netbeans.org/ns/project-private/1">
    <editor-bookmarks xmlns="http://www.netbeans.org/ns/editor-bookmarks/2" lastBookmarkId="0"/>
    <open-files xmlns="http://www.netbeans.org/ns/projectui-open-files/2">
        <group>
            <file>file:/C:/Users/carlo/OneDrive/Documentos/NetBeansProjects/EXAMEN_1RA_EVALUACION_FROYO/src/clases_examen/Password.java</file>
            <file>file:/C:/Users/carlo/OneDrive/Documentos/NetBeansProjects/EXAMEN_1RA_EVALUACION_FROYO/src/clases_examen/CuentaBancaria.java</file>
            <file>file:/C:/Users/carlo/OneDrive/Documentos/NetBeansProjects/EXAMEN_1RA_EVALUACION_FROYO/src/clases_examen/DatosIntegrantes.java</file>
            <file>file:/C:/Users/carlo/OneDrive/Documentos/NetBeansProjects/EXAMEN_1RA_EVALUACION_FROYO/src/clases_examen/TestCovid.java</file>
            <file>file:/C:/Users/carlo/OneDrive/Documentos/NetBeansProjects/EXAMEN_1RA_EVALUACION_FROYO/src/clases_examen/FIBONACCI.java</file>
            <file>file:/C:/Users/carlo/OneDrive/Documentos/NetBeansProjects/EXAMEN_1RA_EVALUACION_FROYO/src/examen_1ra_evaluacion_froyo/EXAMEN_1RA_EVALUACION_FROYO.java</file>
        </group>
    </open-files>
</project-private>
